{
    "epoch": {
        "0": {
            "train_acc": 0.7191358024691358,
            "train_mcc": 0.4387443130788169,
            "val_acc": 0.7627952755905512,
            "val_mcc": 0.5237600079395036
        }
    }
}