{"epoch": {"0": {"train_acc": 0.6150793650793651, "train_mcc": 0.2304005048074276, "val_acc": 0.6747047244094488, "val_mcc": 0.3486671019935695}}}